[{
  "version": "1.0",
  "image": {
    "name": "/home/videosdownloader/public_html/image/public/uploadt/mlogo.png",
    "baseName": "mlogo.png",
    "format": "PNG",
    "formatDescription": "PNG",
    "mimeType": "image/png",
    "class": "DirectClass",
    "geometry": {
      "width": 500,
      "height": 500,
      "x": 0,
      "y": 0
    },
    "resolution": {
      "x": 37.8,
      "y": 37.8
    },
    "printSize": {
      "x": 13.2275,
      "y": 13.2275
    },
    "units": "PixelsPerCentimeter",
    "type": "TrueColorAlpha",
    "baseType": "Undefined",
    "endianness": "Undefined",
    "colorspace": "sRGB",
    "depth": 8,
    "baseDepth": 8,
    "channelDepth": {
      "alpha": 1,
      "red": 8,
      "green": 8,
      "blue": 1
    },
    "pixels": 1000000,
    "imageStatistics": {
      "Overall": {
        "min": 0,
        "max": 255,
        "mean": 217.986,
        "median": 233.75,
        "standardDeviation": 9549.55,
        "kurtosis": 11.1324,
        "skewness": -3.1104,
        "entropy": 0.540286
      }
    },
    "channelStatistics": {
      "alpha": {
        "min": 255,
        "max": 255,
        "mean": 255,
        "median": 255,
        "standardDeviation": 0,
        "kurtosis": 8.192e+51,
        "skewness": 1e+36,
        "entropy": 0
      },
      "red": {
        "min": 0,
        "max": 254,
        "mean": 222.863,
        "median": 244,
        "standardDeviation": 13416,
        "kurtosis": 12.9855,
        "skewness": -3.73579,
        "entropy": 0.655536
      },
      "green": {
        "min": 0,
        "max": 249,
        "mean": 198.487,
        "median": 224,
        "standardDeviation": 12684.8,
        "kurtosis": 9.62567,
        "skewness": -3.08275,
        "entropy": 0.769697
      },
      "blue": {
        "min": 0,
        "max": 247,
        "mean": 195.593,
        "median": 212,
        "standardDeviation": 12097.4,
        "kurtosis": 11.3501,
        "skewness": -3.38855,
        "entropy": 0.735909
      }
    },
    "renderingIntent": "Perceptual",
    "gamma": 0.45455,
    "chromaticity": {
      "redPrimary": {
        "x": 0.64,
        "y": 0.33
      },
      "greenPrimary": {
        "x": 0.3,
        "y": 0.6
      },
      "bluePrimary": {
        "x": 0.15,
        "y": 0.06
      },
      "whitePrimary": {
        "x": 0.3127,
        "y": 0.329
      }
    },
    "matteColor": "#BDBDBD",
    "backgroundColor": "#FFFFFF",
    "borderColor": "#DFDFDF",
    "transparentColor": "#00000000",
    "interlace": "None",
    "intensity": "Undefined",
    "compose": "Over",
    "pageGeometry": {
      "width": 500,
      "height": 500,
      "x": 0,
      "y": 0
    },
    "dispose": "Undefined",
    "iterations": 0,
    "compression": "Zip",
    "orientation": "Undefined",
    "properties": {
      "date:create": "2023-05-03T17:04:02+00:00",
      "date:modify": "2023-05-03T17:04:02+00:00",
      "png:cHRM": "chunk was found (see Chromaticity, above)",
      "png:gAMA": "gamma=0.45455 (See Gamma, above)",
      "png:IHDR.bit-depth-orig": "8",
      "png:IHDR.bit_depth": "8",
      "png:IHDR.color-type-orig": "6",
      "png:IHDR.color_type": "6 (RGBA)",
      "png:IHDR.interlace_method": "0 (Not interlaced)",
      "png:IHDR.width,height": "500, 500",
      "png:pHYs": "x_res=3780, y_res=3780, units=1",
      "png:sRGB": "intent=0 (Perceptual Intent)",
      "signature": "abccb5ed4f625d94dedabc501ab89b704d903c545350b53d723f01b4a078b04a"
    },
    "tainted": false,
    "filesize": "96647B",
    "numberPixels": "250000",
    "pixelsPerSecond": "10.7757MB",
    "userTime": "0.020u",
    "elapsedTime": "0:01.023",
    "version": "ImageMagick 7.0.10-58 Q16 x86_64 2021-01-14 https://imagemagick.org"
  }
}]